<?xml version="1.0" encoding="UTF-8"?>
<configurationDescriptor version="100">
  <logicalFolder name="root" displayName="root" projectFiles="true" kind="ROOT">
    <df root="." name="0">
      <df name="src">
        <in>anydata.c</in>
        <in>main.c</in>
      </df>
      <df name="test">
        <in>checkhelp.c</in>
        <in>test_source.c</in>
        <in>tmc-check.c</in>
      </df>
    </df>
    <logicalFolder name="ExternalFiles"
                   displayName="Important Files"
                   projectFiles="false"
                   kind="IMPORTANT_FILES_FOLDER">
      <itemPath>Makefile</itemPath>
      <itemPath>nbproject/private/launcher.properties</itemPath>
    </logicalFolder>
  </logicalFolder>
  <sourceFolderFilter>^(nbproject)$</sourceFolderFilter>
  <sourceRootList>
    <Elem>.</Elem>
  </sourceRootList>
  <projectmakefile>Makefile</projectmakefile>
  <confs>
    <conf name="Default" type="0">
      <toolsSet>
        <compilerSet>default</compilerSet>
        <dependencyChecking>false</dependencyChecking>
        <rebuildPropChanged>false</rebuildPropChanged>
      </toolsSet>
      <flagsDictionary>
        <element flagsID="0" commonFlags="-g -std=c99"/>
        <element flagsID="1" commonFlags="-std=c99 -g"/>
      </flagsDictionary>
      <codeAssistance>
      </codeAssistance>
      <makefileType>
        <makeTool>
          <buildCommandWorkingDir>.</buildCommandWorkingDir>
          <buildCommand>${MAKE} -f Makefile</buildCommand>
          <cleanCommand>${MAKE} -f Makefile clean</cleanCommand>
          <executablePath></executablePath>
        </makeTool>
        <preBuild>
          <preBuildCommandWorkingDir>.</preBuildCommandWorkingDir>
          <preBuildCommand></preBuildCommand>
        </preBuild>
      </makefileType>
      <item path="src/anydata.c" ex="false" tool="0" flavor2="3">
        <cTool flags="1">
        </cTool>
      </item>
      <item path="src/main.c" ex="false" tool="0" flavor2="3">
        <cTool flags="1">
        </cTool>
      </item>
      <item path="test/checkhelp.c" ex="false" tool="0" flavor2="3">
        <cTool flags="0">
        </cTool>
      </item>
      <item path="test/test_source.c" ex="false" tool="0" flavor2="3">
        <cTool flags="0">
        </cTool>
      </item>
      <item path="test/tmc-check.c" ex="false" tool="0" flavor2="3">
        <cTool flags="0">
        </cTool>
      </item>
    </conf>
  </confs>
</configurationDescriptor>
